Rank,Title,Year,Rating
1,N/A,N/A,9.3
2,N/A,N/A,9.2
3,N/A,N/A,9.1
4,N/A,N/A,9.0
5,N/A,N/A,9.0
6,N/A,N/A,9.0
7,N/A,N/A,9.0
8,N/A,N/A,8.9
9,N/A,N/A,8.8
10,N/A,N/A,8.8
11,N/A,N/A,8.8
12,N/A,N/A,8.8
13,N/A,N/A,8.8
14,N/A,N/A,8.8
15,N/A,N/A,8.7
16,N/A,N/A,8.7
17,N/A,N/A,8.7
18,N/A,N/A,8.7
19,N/A,N/A,8.6
20,N/A,N/A,8.6
21,N/A,N/A,8.6
22,N/A,N/A,8.6
23,N/A,N/A,8.6
24,N/A,N/A,8.6
25,N/A,N/A,8.6
26,N/A,N/A,8.6
27,N/A,N/A,8.6
28,N/A,N/A,8.6
29,N/A,N/A,8.5
30,N/A,N/A,8.6
31,N/A,N/A,8.6
32,N/A,N/A,8.7
33,N/A,N/A,8.5
34,N/A,N/A,8.5
35,N/A,N/A,8.5
36,N/A,N/A,8.5
37,N/A,N/A,8.6
38,N/A,N/A,8.5
39,N/A,N/A,8.5
40,N/A,N/A,8.5
41,N/A,N/A,8.5
42,N/A,N/A,8.5
43,N/A,N/A,8.5
44,N/A,N/A,8.5
45,N/A,N/A,8.5
46,N/A,N/A,8.5
47,N/A,N/A,8.5
48,N/A,N/A,8.5
49,N/A,N/A,8.5
50,N/A,N/A,8.5
51,N/A,N/A,8.4
52,N/A,N/A,8.4
53,N/A,N/A,8.5
54,N/A,N/A,8.5
55,N/A,N/A,8.5
56,N/A,N/A,8.4
57,N/A,N/A,8.4
58,N/A,N/A,8.4
59,N/A,N/A,8.4
60,N/A,N/A,8.4
61,N/A,N/A,8.4
62,N/A,N/A,8.4
63,N/A,N/A,8.4
64,N/A,N/A,8.4
65,N/A,N/A,8.4
66,N/A,N/A,8.4
67,N/A,N/A,8.4
68,N/A,N/A,8.4
69,N/A,N/A,8.4
70,N/A,N/A,8.4
71,N/A,N/A,8.4
72,N/A,N/A,8.7
73,N/A,N/A,8.4
74,N/A,N/A,8.4
75,N/A,N/A,8.4
76,N/A,N/A,8.4
77,N/A,N/A,8.3
78,N/A,N/A,8.4
79,N/A,N/A,8.4
80,N/A,N/A,8.4
81,N/A,N/A,8.4
82,N/A,N/A,8.3
83,N/A,N/A,8.3
84,N/A,N/A,8.3
85,N/A,N/A,8.3
86,N/A,N/A,8.3
87,N/A,N/A,8.3
88,N/A,N/A,8.4
89,N/A,N/A,8.3
90,N/A,N/A,8.3
91,N/A,N/A,8.3
92,N/A,N/A,8.3
93,N/A,N/A,8.3
94,N/A,N/A,8.3
95,N/A,N/A,8.9
96,N/A,N/A,8.3
97,N/A,N/A,8.3
98,N/A,N/A,8.3
99,N/A,N/A,8.3
100,N/A,N/A,8.3
101,N/A,N/A,8.3
102,N/A,N/A,8.3
103,N/A,N/A,8.3
104,N/A,N/A,8.3
105,N/A,N/A,8.2
106,N/A,N/A,8.3
107,N/A,N/A,8.3
108,N/A,N/A,8.3
109,N/A,N/A,8.3
110,N/A,N/A,8.2
111,N/A,N/A,8.3
112,N/A,N/A,8.2
113,N/A,N/A,8.3
114,N/A,N/A,8.2
115,N/A,N/A,8.3
116,N/A,N/A,8.2
117,N/A,N/A,8.2
118,N/A,N/A,8.2
119,N/A,N/A,8.2
120,N/A,N/A,8.2
121,N/A,N/A,8.2
122,N/A,N/A,8.2
123,N/A,N/A,8.2
124,N/A,N/A,8.2
125,N/A,N/A,8.2
126,N/A,N/A,8.2
127,N/A,N/A,8.2
128,N/A,N/A,8.2
129,N/A,N/A,8.2
130,N/A,N/A,8.2
131,N/A,N/A,8.4
132,N/A,N/A,8.2
133,N/A,N/A,8.3
134,N/A,N/A,8.2
135,N/A,N/A,8.3
136,N/A,N/A,8.2
137,N/A,N/A,8.2
138,N/A,N/A,8.2
139,N/A,N/A,8.2
140,N/A,N/A,8.3
141,N/A,N/A,8.2
142,N/A,N/A,8.2
143,N/A,N/A,8.2
144,N/A,N/A,8.2
145,N/A,N/A,8.2
146,N/A,N/A,8.2
147,N/A,N/A,8.2
148,N/A,N/A,8.2
149,N/A,N/A,8.2
150,N/A,N/A,8.2
151,N/A,N/A,8.2
152,N/A,N/A,8.2
153,N/A,N/A,8.2
154,N/A,N/A,8.2
155,N/A,N/A,8.2
156,N/A,N/A,8.2
157,N/A,N/A,8.2
158,N/A,N/A,8.2
159,N/A,N/A,8.4
160,N/A,N/A,8.2
161,N/A,N/A,8.2
162,N/A,N/A,8.2
163,N/A,N/A,8.2
164,N/A,N/A,8.2
165,N/A,N/A,8.2
166,N/A,N/A,8.2
167,N/A,N/A,8.1
168,N/A,N/A,8.1
169,N/A,N/A,8.2
170,N/A,N/A,8.2
171,N/A,N/A,8.1
172,N/A,N/A,8.1
173,N/A,N/A,8.1
174,N/A,N/A,8.1
175,N/A,N/A,8.4
176,N/A,N/A,8.1
177,N/A,N/A,8.1
178,N/A,N/A,8.1
179,N/A,N/A,8.1
180,N/A,N/A,8.1
181,N/A,N/A,8.1
182,N/A,N/A,8.1
183,N/A,N/A,8.1
184,N/A,N/A,8.1
185,N/A,N/A,8.1
186,N/A,N/A,8.1
187,N/A,N/A,8.1
188,N/A,N/A,8.1
189,N/A,N/A,8.1
190,N/A,N/A,8.1
191,N/A,N/A,8.1
192,N/A,N/A,8.2
193,N/A,N/A,8.1
194,N/A,N/A,8.1
195,N/A,N/A,8.1
196,N/A,N/A,8.1
197,N/A,N/A,8.1
198,N/A,N/A,8.1
199,N/A,N/A,8.1
200,N/A,N/A,8.1
201,N/A,N/A,8.1
202,N/A,N/A,8.1
203,N/A,N/A,8.1
204,N/A,N/A,8.1
205,N/A,N/A,8.1
206,N/A,N/A,8.1
207,N/A,N/A,8.1
208,N/A,N/A,8.3
209,N/A,N/A,8.1
210,N/A,N/A,8.1
211,N/A,N/A,8.2
212,N/A,N/A,8.1
213,N/A,N/A,8.1
214,N/A,N/A,8.1
215,N/A,N/A,8.1
216,N/A,N/A,8.1
217,N/A,N/A,8.1
218,N/A,N/A,8.1
219,N/A,N/A,8.1
220,N/A,N/A,8.1
221,N/A,N/A,8.1
222,N/A,N/A,8.1
223,N/A,N/A,8.1
224,N/A,N/A,8.6
225,N/A,N/A,8.3
226,N/A,N/A,8.1
227,N/A,N/A,8.1
228,N/A,N/A,8.1
229,N/A,N/A,8.1
230,N/A,N/A,8.1
231,N/A,N/A,8.1
232,N/A,N/A,8.1
233,N/A,N/A,8.0
234,N/A,N/A,8.1
235,N/A,N/A,8.1
236,N/A,N/A,8.1
237,N/A,N/A,8.1
238,N/A,N/A,8.4
239,N/A,N/A,8.1
240,N/A,N/A,8.1
241,N/A,N/A,8.1
242,N/A,N/A,8.0
243,N/A,N/A,8.1
244,N/A,N/A,8.1
245,N/A,N/A,8.1
246,N/A,N/A,8.1
247,N/A,N/A,8.2
248,N/A,N/A,8.1
249,N/A,N/A,8.1
250,N/A,N/A,8.6
